t_ms,pos_x,pos_y,pos_z,speed_kmh,rpm,gear,on_ground
10,171.200,90.207,688.000,1.998,0,1,4
20,171.201,90.202,688.000,3.132,100,1,4
30,171.204,90.193,688.000,4.225,200,1,4
40,171.209,90.182,688.000,5.250,300,1,4
50,171.215,90.169,688.000,6.194,400,1,4
60,171.222,90.153,688.000,7.050,500,1,4
70,171.232,90.136,688.000,7.811,600,1,4
80,171.243,90.117,688.000,8.477,700,1,4
90,171.255,90.097,688.000,9.047,800,1,4
100,171.270,90.076,688.000,9.525,900,1,4
110,171.285,90.054,688.000,9.917,1000,1,4
120,171.303,90.033,688.000,10.231,1100,1,4
130,171.322,90.011,688.000,9.791,1200,1,4
140,171.342,90.007,688.000,9.179,1300,1,4
150,171.364,90.006,688.000,9.144,1400,1,4
160,171.387,90.006,688.000,9.398,1500,1,4
170,171.413,90.007,688.000,9.800,1600,1,4
180,171.439,90.007,688.000,10.282,1700,1,4
190,171.468,90.007,688.000,10.806,1800,1,4
200,171.498,90.008,688.000,11.356,1900,1,4
210,171.529,90.008,688.001,11.918,2000,1,4
220,171.562,90.008,688.001,12.483,1960,1,4
230,171.597,90.008,688.001,13.050,1920,1,4
240,171.633,90.008,688.001,13.618,1880,1,4
250,171.671,90.008,688.001,14.187,1840,1,4
260,171.710,90.008,688.001,14.756,1800,1,4
270,171.751,90.008,688.001,15.326,1760,1,4
280,171.794,90.008,688.001,15.897,1720,1,4
290,171.838,90.008,688.001,16.468,1680,1,4
300,171.884,90.008,688.001,17.038,1640,1,4
310,171.931,90.008,688.001,17.609,1692,1,4
320,171.980,90.008,688.001,18.181,1807,1,4
330,172.031,90.008,688.001,18.752,1922,1,4
340,172.083,90.008,688.001,19.323,1752,1,4
350,172.136,90.008,688.001,19.894,1867,1,4
360,172.192,90.008,688.001,20.465,1982,1,4
370,172.249,90.008,688.001,21.036,2097,1,4
380,172.307,90.008,688.001,21.607,2212,1,4
390,172.367,90.009,688.001,22.178,2042,1,4
400,172.429,90.009,688.001,22.748,2157,1,4
410,172.492,90.009,688.001,23.319,2272,1,4
420,172.557,90.009,688.001,23.889,2387,1,4
430,172.624,90.009,688.001,24.459,2502,1,4
440,172.692,90.010,688.001,25.028,2332,1,4
450,172.761,90.010,688.001,25.598,2447,1,4
460,172.832,90.010,688.001,26.167,2562,1,4
470,172.905,90.010,688.001,26.736,2677,1,4
480,172.980,90.011,688.001,27.305,2792,1,4
490,173.056,90.011,688.001,27.873,2622,1,4
500,173.133,90.011,688.001,28.442,2737,1,4
510,173.212,90.011,688.001,29.010,2852,1,4
520,173.293,90.011,688.001,29.578,2967,1,4
530,173.375,90.011,688.001,30.145,3082,1,4
540,173.459,90.011,688.001,30.713,2912,1,4
550,173.544,90.012,688.001,31.280,3027,1,4
560,173.631,90.012,688.001,31.848,3142,1,4
570,173.720,90.012,688.001,32.415,3257,1,4
580,173.810,90.012,688.001,32.983,3372,1,4
590,173.901,90.012,688.001,33.550,3202,1,4
600,173.994,90.012,688.001,34.117,3317,1,4
610,174.089,90.011,688.001,34.684,3432,1,4
620,174.185,90.011,688.001,35.252,3547,1,4
630,174.283,90.011,688.001,35.819,3662,1,4
640,174.383,90.011,688.001,36.387,3492,1,4
650,174.484,90.011,688.001,36.955,3607,1,4
660,174.586,90.011,688.001,37.524,3722,1,4
670,174.690,90.010,688.001,38.094,3837,1,4
680,174.796,90.009,688.001,38.664,3952,1,4
690,174.903,90.008,688.001,39.236,3782,1,4
700,175.011,90.007,688.001,39.808,3897,1,4
710,175.121,90.005,688.001,40.382,4012,1,4
720,175.233,90.004,688.001,40.958,4127,1,4
730,175.346,90.002,688.001,41.535,4242,1,4
740,175.460,89.999,688.001,42.115,4072,1,4
750,175.576,89.997,688.001,42.696,4187,1,4
760,175.694,89.994,688.001,43.280,4302,1,4
770,175.813,89.990,688.001,43.866,4417,1,4
780,175.933,89.987,688.001,44.455,4532,1,4
790,176.055,89.983,688.001,45.046,4362,1,4
800,176.179,89.979,688.001,45.640,4477,1,4
810,176.304,89.975,688.001,46.237,4592,1,4
820,176.431,89.971,688.001,46.838,4707,1,4
830,176.559,89.967,688.001,47.441,4822,1,4
840,176.689,89.962,688.001,48.049,4652,1,4
850,176.821,89.958,688.001,48.660,4767,1,4
860,176.954,89.953,688.001,49.274,4882,1,4
870,177.090,89.948,688.001,49.893,4997,1,4
880,177.226,89.943,688.001,50.517,5112,1,4
890,177.365,89.938,688.001,51.145,5227,1,4
900,177.505,89.933,688.001,51.777,5057,1,4
910,177.647,89.928,688.001,52.413,5172,1,4
920,177.791,89.922,688.001,53.055,5287,1,4
930,177.937,89.917,688.001,53.699,5402,1,4
940,178.085,89.911,688.001,54.345,5517,1,4
950,178.235,89.906,688.001,54.993,5632,1,4
960,178.387,89.900,688.001,55.642,5462,1,4
970,178.541,89.894,688.001,56.294,5577,1,4
980,178.697,89.888,688.001,56.946,5692,1,4
990,178.854,89.880,688.001,57.600,5807,1,4
1000,179.014,89.872,688.001,58.255,5922,1,4
1010,179.176,89.863,688.001,58.910,5752,1,4
1020,179.339,89.853,688.001,59.566,5867,1,4
1030,179.505,89.843,688.001,60.222,5982,1,4
1040,179.672,89.832,688.001,60.877,6097,1,4
1050,179.842,89.820,688.001,61.531,6212,1,4
1060,180.013,89.808,688.001,62.184,6327,1,4
1070,180.186,89.796,688.001,62.836,6157,1,4
1080,180.361,89.784,688.001,63.485,6272,1,4
1090,180.538,89.771,688.001,64.132,6387,1,4
1100,180.717,89.758,688.001,64.775,6502,1,4
1110,180.898,89.744,688.001,65.416,6617,1,4
1120,181.080,89.731,688.001,66.054,6732,1,4
1130,181.264,89.718,688.001,66.686,6562,1,4
1140,181.450,89.707,688.001,67.317,6677,1,4
1150,181.638,89.699,688.001,67.946,6792,1,4
1160,181.828,89.691,688.001,68.573,6907,1,4
1170,182.019,89.683,688.001,69.199,7022,1,4
1180,182.212,89.674,688.001,69.823,7137,1,4
1190,182.406,89.665,688.001,70.445,6967,1,4
1200,182.602,89.655,688.001,71.067,7082,1,4
1210,182.800,89.645,688.001,71.687,7197,1,4
1220,182.999,89.635,688.001,72.306,7312,1,4
1230,183.199,89.625,688.001,72.924,7427,1,4
1240,183.402,89.614,688.001,73.543,7542,1,4
1250,183.606,89.602,688.001,74.161,7372,1,4
1260,183.811,89.591,688.001,74.780,7487,1,4
1270,184.019,89.579,688.001,75.398,7602,1,4
1280,184.227,89.567,688.001,76.017,7717,1,4
1290,184.438,89.554,688.001,76.636,7832,1,4
1300,184.650,89.541,688.001,77.256,7662,1,4
1310,184.864,89.528,688.001,77.876,7777,1,4
1320,185.079,89.515,688.001,78.498,7892,1,4
1330,185.296,89.501,688.001,79.120,8007,1,4
1340,185.515,89.488,688.001,79.743,8122,1,4
1350,185.736,89.474,688.001,80.367,8237,1,4
1360,185.958,89.460,688.001,80.992,8067,1,4
1370,186.182,89.446,688.001,81.618,8182,1,4
1380,186.408,89.435,688.001,82.202,8297,1,4
1390,186.636,89.435,688.001,82.802,8412,1,4
1400,186.866,89.434,688.001,83.411,8527,1,4
1410,187.098,89.432,688.001,84.025,8357,1,2
1420,187.332,89.429,688.001,84.637,8472,1,2
1430,187.568,89.424,688.001,85.251,8587,1,4
1440,187.806,89.416,688.001,85.866,8702,1,4
1450,188.047,89.407,688.001,86.478,8817,1,4
1460,188.289,89.397,688.001,87.087,8932,1,4
1470,188.533,89.387,688.001,87.691,8762,1,4
1480,188.779,89.376,688.001,88.289,8877,1,4
1490,189.027,89.365,688.001,88.882,8992,1,4
1500,189.277,89.354,688.001,89.449,9107,1,4
1510,189.528,89.350,688.001,90.000,9222,1,4
1520,189.780,89.356,688.000,90.559,9052,1,4
1530,190.033,89.361,688.000,91.118,9167,1,2
1540,190.288,89.367,688.000,91.689,9282,1,2
1550,190.544,89.370,688.000,92.259,9397,1,2
1560,190.801,89.372,688.000,92.829,9512,1,2
1570,191.059,89.372,688.000,93.400,9342,1,2
1580,191.318,89.370,687.999,93.974,9457,1,4
1590,191.577,89.368,687.999,94.531,9572,1,4
1600,191.839,89.364,687.999,95.090,9687,1,4
1610,192.102,89.361,687.999,95.651,9802,1,4
1620,192.366,89.357,687.999,96.214,9632,1,4
1630,192.632,89.354,687.999,96.781,9747,1,4
1640,192.899,89.350,687.999,97.351,9862,1,4
1650,193.168,89.346,687.999,97.919,9977,1,4
1660,193.439,89.346,687.999,98.494,10092,1,4
1670,193.712,89.349,687.999,99.074,9922,1,4
1680,193.986,89.351,687.999,99.656,10037,1,4
1690,194.262,89.352,687.999,100.242,10152,1,4
1700,194.540,89.350,687.999,100.829,10267,1,4
1710,194.820,89.349,687.999,101.417,10382,1,4
1720,195.101,89.347,687.999,101.826,10212,1,4
1730,195.383,89.344,687.999,102.237,10327,1,4
1740,195.667,89.342,687.999,102.252,10442,2,4
1750,195.951,89.340,688.000,102.268,10502,2,4
1760,196.235,89.337,688.000,102.284,10562,2,4
1770,196.519,89.335,688.000,102.301,10392,2,4
1780,196.803,89.332,688.000,102.319,10222,2,4
1790,197.086,89.329,688.000,102.337,10052,2,4
1800,197.370,89.326,688.000,102.356,9882,2,4
1810,197.654,89.323,688.000,102.376,9712,2,4
1820,197.938,89.319,688.000,102.396,9542,2,4
1830,198.222,89.316,688.000,102.417,9372,2,4
1840,198.507,89.312,688.000,102.439,9202,2,2
1850,198.791,89.307,688.000,102.461,9032,2,2
1860,199.075,89.302,688.000,102.487,8862,2,2
1870,199.358,89.294,688.000,102.518,8692,2,4
1880,199.641,89.286,688.000,102.549,8522,2,4
1890,199.925,89.276,688.000,102.583,8352,2,4
1900,200.208,89.266,688.000,102.620,8182,2,4
1910,200.491,89.256,688.000,102.661,8012,2,4
1920,200.774,89.244,688.000,102.705,7842,2,4
1930,201.058,89.233,688.000,102.753,7672,2,4
1940,201.341,89.221,688.000,102.804,7502,2,4
1950,201.625,89.208,688.000,102.859,7332,2,4
1960,201.909,89.195,688.000,102.918,7162,2,4
1970,202.193,89.182,688.000,102.981,6992,2,4
1980,202.477,89.167,688.000,103.047,6822,2,4
1990,202.761,89.152,688.000,103.116,6652,2,4
2000,203.046,89.136,688.000,103.189,6482,2,4
2010,203.331,89.119,688.000,103.264,6312,2,4
2020,203.616,89.101,688.000,103.738,6142,2,4
2030,203.902,89.082,687.999,104.216,6257,2,4
2040,204.190,89.063,687.999,104.697,6372,2,4
2050,204.479,89.042,687.999,105.180,6202,2,4
2060,204.770,89.020,687.999,105.666,6317,2,4
2070,205.061,88.997,687.999,106.155,6432,2,4
2080,205.355,88.973,687.999,106.646,6547,2,4
2090,205.649,88.948,687.999,107.139,6377,2,4
2100,205.945,88.923,687.999,107.634,6492,2,4
2110,206.242,88.896,687.998,108.132,6607,2,4
2120,206.541,88.869,687.998,108.632,6580,2,4
2130,206.841,88.841,687.998,109.133,6695,2,4
2140,207.143,88.812,687.998,109.635,6667,2,4
2150,207.447,88.782,687.998,110.137,6640,2,4
2160,207.752,88.752,687.998,110.640,6755,2,4
2170,208.058,88.721,687.998,111.139,6727,2,4
2180,208.366,88.691,687.998,111.631,6842,2,4
2190,208.676,88.661,687.998,112.126,6815,2,4
2200,208.988,88.632,687.998,112.621,6787,2,4
2210,209.301,88.603,687.998,113.115,6902,2,4
2220,209.615,88.573,687.998,113.606,6875,2,4
2230,209.931,88.544,687.998,114.094,6990,2,4
2240,210.249,88.514,687.998,114.572,6962,2,4
2250,210.568,88.488,687.999,115.042,6935,2,4
2260,210.888,88.462,687.999,115.517,7050,2,4
2270,211.209,88.439,687.999,115.991,7022,2,4
2280,211.532,88.418,687.999,116.464,7137,2,4
2290,211.856,88.396,687.999,116.933,7110,2,4
2300,212.182,88.375,687.999,117.400,7082,2,4
2310,212.508,88.353,687.999,117.865,7197,2,4
2320,212.836,88.331,688.000,118.327,7170,2,4
2330,213.166,88.309,688.000,118.786,7285,2,4
2340,213.496,88.290,688.000,119.242,7257,2,4
2350,213.828,88.272,688.000,119.698,7230,2,4
2360,214.161,88.253,688.000,120.152,7345,2,4
2370,214.495,88.234,688.000,120.604,7317,2,4
2380,214.830,88.214,688.000,121.055,7290,2,4
2390,215.167,88.195,687.999,121.488,7405,2,4
2400,215.505,88.177,687.999,121.925,7377,2,4
2410,215.845,88.163,687.999,122.366,7492,2,4
2420,216.186,88.148,687.999,122.806,7465,2,4
2430,216.528,88.134,687.999,123.244,7437,2,4
2440,216.872,88.118,687.999,123.680,7552,2,4
2450,217.217,88.103,687.999,124.113,7525,2,4
2460,217.563,88.088,687.999,124.535,7640,2,4
2470,217.910,88.076,687.999,124.957,7612,2,4
2480,218.258,88.069,687.999,125.373,7585,2,4
2490,218.608,88.062,687.999,125.789,7700,2,4
2500,218.959,88.055,687.999,126.206,7672,2,4
2510,219.311,88.049,687.999,126.621,7645,2,4
2520,219.664,88.042,687.999,127.035,7760,2,4
2530,220.018,88.036,687.999,127.446,7732,2,4
2540,220.373,88.030,687.999,127.854,7705,2,4
2550,220.730,88.024,687.999,128.258,7820,2,4
2560,221.088,88.017,687.999,128.660,7792,2,4
2570,221.446,88.016,687.999,129.054,7907,2,4
2580,221.806,88.017,687.999,129.449,7880,2,4
2590,222.167,88.018,687.999,129.843,7852,2,4
2600,222.528,88.018,687.999,130.236,7967,2,4
2610,222.891,88.018,687.999,130.627,7940,2,4
2620,223.254,88.017,687.999,131.017,7912,2,4
2630,223.619,88.017,687.999,131.407,8027,2,4
2640,223.985,88.016,687.999,131.795,8000,2,4
2650,224.351,88.015,687.999,132.182,7972,2,4
2660,224.719,88.015,687.999,132.569,8087,2,4
2670,225.088,88.014,687.999,132.955,8060,2,4
2680,225.457,88.014,687.999,133.341,8175,2,4
2690,225.828,88.014,687.999,133.726,8147,2,4
2700,226.200,88.014,687.999,134.111,8120,2,4
2710,226.573,88.014,687.999,134.496,8235,2,4
2720,226.947,88.014,687.999,134.881,8207,2,4
2730,227.322,88.014,687.999,135.265,8180,2,4
2740,227.698,88.014,687.999,135.650,8295,2,4
2750,228.074,88.014,687.999,136.036,8267,2,4
2760,228.452,88.014,687.999,136.421,8240,2,4
2770,228.832,88.013,687.999,136.807,8355,2,4
2780,229.212,88.013,687.999,137.193,8327,2,4
2790,229.593,88.013,687.999,137.580,8300,2,4
2800,229.975,88.013,687.999,137.967,8415,2,4
2810,230.358,88.013,687.999,138.355,8387,2,4
2820,230.743,88.013,687.999,138.743,8502,2,4
2830,231.128,88.013,687.999,139.132,8475,2,4
2840,231.515,88.013,687.999,139.521,8447,2,4
2850,231.902,88.013,687.999,139.911,8562,2,4
2860,232.291,88.013,687.999,140.302,8535,2,4
2870,232.681,88.014,687.999,140.693,8507,2,4
2880,233.071,88.014,687.999,141.085,8622,2,4
2890,233.463,88.014,687.999,141.478,8595,2,4
2900,233.856,88.015,687.999,141.871,8567,2,4
2910,234.250,88.015,687.999,142.265,8682,2,4
2920,234.646,88.016,687.999,142.659,8655,2,4
2930,235.042,88.016,687.999,143.054,8770,2,4
2940,235.440,88.017,687.999,143.450,8742,2,4
2950,235.838,88.018,687.999,143.846,8715,2,4
2960,236.238,88.018,687.999,144.242,8830,2,4
2970,236.639,88.019,687.999,144.638,8802,2,4
2980,237.041,88.019,687.999,145.035,8775,2,4
2990,237.444,88.020,687.999,145.432,8890,2,4
3000,237.848,88.020,687.999,145.829,8862,2,4
3010,238.252,88.021,687.999,144.277,8900,2,4
3020,238.652,88.021,687.999,142.730,8860,2,4
3030,239.047,88.021,687.999,141.188,8820,2,4
3040,239.438,88.022,687.999,139.651,8780,2,4
3050,239.825,88.022,687.999,138.119,8740,2,4
3060,240.207,88.023,687.999,136.592,8700,2,4
3070,240.585,88.023,687.999,135.070,8660,2,4
3080,240.959,88.024,687.999,133.554,8620,2,4
3090,241.328,88.024,687.999,132.044,8580,2,4
3100,241.693,88.024,687.999,130.539,8540,2,4
3110,242.054,88.025,687.999,129.040,8500,2,4
3120,242.411,88.025,687.999,127.546,8460,2,4
3130,242.764,88.026,687.999,126.058,8420,2,4
3140,243.113,88.027,687.999,124.575,8380,2,4
3150,243.458,88.028,687.999,123.097,8340,2,4
3160,243.798,88.029,687.999,121.625,8300,2,4
3170,244.135,88.030,687.999,120.157,8260,2,4
3180,244.467,88.031,687.999,118.695,8220,2,4
3190,244.796,88.031,687.999,117.238,8180,2,4
3200,245.120,88.032,687.999,115.785,8140,2,4
3210,245.441,88.033,687.999,114.337,8100,2,4
3220,245.757,88.033,687.999,112.894,8060,2,4
3230,246.070,88.033,687.999,111.456,8020,2,4
3240,246.378,88.034,687.999,110.022,7980,2,4
3250,246.683,88.034,687.999,108.593,7940,2,4
3260,246.983,88.034,687.999,107.168,7900,2,4
3270,247.281,88.033,687.999,105.745,7860,2,4
3280,247.575,88.033,687.998,104.328,7820,2,4
3290,247.865,88.032,687.998,102.914,7780,2,4
3300,248.151,88.031,687.998,101.505,7740,2,4
3310,248.433,88.030,687.998,100.100,7700,2,4
3320,248.711,88.029,687.998,98.699,7660,2,4
3330,248.985,88.028,687.998,97.302,7620,2,4
3340,249.256,88.027,687.998,95.909,7580,2,4
3350,249.522,88.026,687.998,94.519,7540,2,4
3360,249.785,88.025,687.998,93.134,7500,2,4
3370,250.044,88.024,687.998,91.752,7460,2,4
3380,250.299,88.023,687.998,90.374,7420,2,4
3390,250.550,88.023,687.998,88.999,7380,2,4
3400,250.797,88.022,687.998,87.628,7340,2,4
3410,251.041,88.021,687.998,86.261,7300,1,4
3420,251.281,88.020,687.998,84.898,7270,1,4
3430,251.517,88.020,687.998,83.538,7240,1,4
3440,251.749,88.019,687.998,82.182,7355,1,4
3450,251.977,88.019,687.998,80.830,7470,1,4
3460,252.202,88.018,687.998,79.481,7585,1,4
3470,252.423,88.018,687.998,78.136,7700,1,4
3480,252.640,88.017,687.998,76.795,7815,1,4
3490,252.853,88.017,687.998,75.458,7930,1,4
3500,253.063,88.017,687.998,74.125,7890,1,4
3510,253.269,88.017,687.998,74.707,7860,1,4
3520,253.476,88.017,687.998,75.284,7690,1,4
3530,253.686,88.016,687.996,75.854,7520,1,4
3540,253.896,88.015,687.993,76.412,7635,1,4
3550,254.109,88.015,687.990,76.956,7750,1,4
3560,254.323,88.014,687.985,77.501,7865,1,4
3570,254.538,88.013,687.980,78.046,7980,1,4
3580,254.755,88.012,687.974,78.590,7810,1,4
3590,254.974,88.011,687.968,79.132,7925,1,4
3600,255.194,88.010,687.961,79.673,8040,1,4
3610,255.416,88.009,687.952,80.212,8155,1,4
3620,255.639,88.008,687.943,80.750,8270,1,4
3630,255.863,88.008,687.932,81.287,8100,1,4
3640,256.089,88.008,687.919,81.821,8215,1,4
3650,256.316,88.010,687.904,82.355,8330,1,4
3660,256.545,88.012,687.887,82.886,8445,1,4
3670,256.775,88.014,687.867,83.416,8560,1,4
3680,257.006,88.016,687.846,83.944,8390,1,4
3690,257.238,88.019,687.822,84.471,8505,1,4
3700,257.471,88.021,687.795,84.997,8620,1,4
3710,257.706,88.023,687.765,85.520,8735,1,4
3720,257.942,88.025,687.732,86.043,8850,1,4
3730,258.178,88.027,687.696,86.565,8680,1,4
3740,258.416,88.028,687.657,87.085,8795,1,4
3750,258.654,88.030,687.614,87.605,8910,1,4
3760,258.893,88.032,687.568,88.124,9025,1,4
3770,259.133,88.033,687.518,88.642,8855,1,4
3780,259.373,88.035,687.465,89.160,8970,1,4
3790,259.614,88.036,687.408,89.677,9085,1,4
3800,259.855,88.037,687.347,90.195,9200,1,4
3810,260.097,88.038,687.283,90.712,9315,1,4
3820,260.339,88.039,687.214,91.229,9145,1,4
3830,260.582,88.039,687.142,91.746,9260,1,4
3840,260.824,88.040,687.065,92.263,9375,1,4
3850,261.067,88.040,686.984,92.781,9490,1,4
3860,261.310,88.040,686.899,93.299,9320,1,4
3870,261.553,88.040,686.809,93.817,9435,1,4
3880,261.795,88.040,686.716,94.335,9550,1,4
3890,262.038,88.040,686.618,94.854,9665,1,4
3900,262.280,88.039,686.515,95.372,9780,1,4
3910,262.521,88.039,686.408,95.891,9610,1,4
3920,262.763,88.038,686.297,96.410,9725,1,4
3930,263.004,88.038,686.181,96.930,9840,1,4
3940,263.244,88.037,686.060,97.451,9955,1,4
3950,263.484,88.036,685.935,97.971,10070,1,4
3960,263.722,88.035,685.805,98.492,9900,1,4
3970,263.960,88.034,685.670,99.013,10015,1,4
3980,264.197,88.034,685.531,99.534,10130,1,4
3990,264.433,88.033,685.386,100.055,10245,1,4
4000,264.667,88.032,685.237,100.576,10075,1,4
4010,264.901,88.031,685.084,101.097,10190,1,4
4020,265.132,88.031,684.925,101.438,10305,1,4
4030,265.362,88.030,684.762,101.778,10420,1,4
4040,265.589,88.030,684.593,101.912,10392,2,4
4050,265.813,88.029,684.421,101.848,10452,2,4
4060,266.034,88.028,684.244,101.784,10512,2,4
4070,266.252,88.027,684.064,101.720,10342,2,4
4080,266.467,88.027,683.881,101.665,10172,2,4
4090,266.679,88.026,683.695,101.609,10002,2,4
4100,266.888,88.025,683.505,101.553,9832,2,4
4110,267.093,88.025,683.311,101.497,9662,2,4
4120,267.294,88.025,683.114,101.441,9492,2,4
4130,267.492,88.024,682.913,101.385,9322,2,4
4140,267.686,88.024,682.710,101.329,9152,2,4
4150,267.877,88.024,682.503,101.273,8982,2,4
4160,268.063,88.025,682.292,101.217,8812,2,4
4170,268.246,88.025,682.079,101.161,8642,2,4
4180,268.425,88.025,681.862,101.105,8472,2,4
4190,268.600,88.026,681.643,101.049,8302,2,4
4200,268.771,88.026,681.420,100.993,8132,2,4
4210,268.938,88.027,681.195,100.937,7962,2,4
4220,269.101,88.028,680.967,100.882,7792,2,4
4230,269.260,88.028,680.736,100.826,7622,2,4
4240,269.414,88.029,680.503,100.770,7452,2,4
4250,269.565,88.030,680.267,100.714,7282,2,4
4260,269.711,88.031,680.028,100.658,7112,2,4
4270,269.853,88.032,679.787,100.602,6942,2,4
4280,269.990,88.033,679.544,100.547,6772,2,4
4290,270.123,88.033,679.299,100.490,6602,2,4
4300,270.252,88.034,679.052,100.434,6432,2,4
4310,270.377,88.035,678.802,100.378,6262,2,4
4320,270.497,88.036,678.550,100.898,6092,2,4
4330,270.613,88.036,678.296,101.418,6207,2,4
4340,270.725,88.037,678.037,101.757,6037,2,4
4350,270.832,88.037,677.776,102.088,6152,2,4
4360,270.935,88.037,677.511,102.420,6267,2,4
4370,271.033,88.038,677.244,102.751,6240,2,4
4380,271.128,88.038,676.975,103.082,6212,2,4
4390,271.217,88.038,676.703,103.413,6327,2,4
4400,271.303,88.038,676.428,103.744,6300,2,4
4410,271.384,88.037,676.152,104.074,6272,2,4
4420,271.460,88.037,675.873,104.405,6387,2,4
4430,271.531,88.037,675.591,104.735,6360,2,4
4440,271.598,88.036,675.308,105.065,6332,2,4
4450,271.660,88.036,675.023,105.396,6447,2,4
4460,271.717,88.036,674.736,105.726,6420,2,4
4470,271.769,88.035,674.447,106.056,6392,2,4
4480,271.816,88.035,674.156,106.386,6507,2,4
4490,271.859,88.034,673.863,106.716,6480,2,4
4500,271.896,88.034,673.569,107.046,6452,2,4
4510,271.909,88.029,673.373,75.505,6567,2,4
4520,271.858,88.029,673.346,53.201,6397,2,4
4530,271.807,88.061,673.319,42.852,6367,1,3
4540,271.763,88.071,673.299,37.325,6427,1,1
4550,271.725,88.087,673.280,33.318,6487,1,1
4560,271.686,88.102,673.260,30.102,6457,1,1
4570,271.648,88.115,673.239,27.478,6427,1,1
4580,271.611,88.128,673.219,25.304,6397,1,1
4590,271.575,88.138,673.198,23.476,6367,1,1
4600,271.540,88.148,673.177,21.920,6337,1,2
4610,271.508,88.152,673.158,14.436,6307,1,2
4620,271.482,88.164,673.145,13.474,6277,1,2
4630,271.460,88.175,673.134,12.185,6107,1,2
4640,271.442,88.184,673.124,11.124,5937,1,2
4650,271.426,88.190,673.116,10.235,5767,1,2
4660,271.413,88.194,673.108,9.478,5597,1,2
4670,271.402,88.196,673.101,8.836,5427,1,2
4680,271.392,88.195,673.094,8.295,5257,1,2
4690,271.383,88.194,673.088,7.848,5087,1,2
4700,271.375,88.190,673.082,7.488,4917,1,2
4710,271.368,88.184,673.076,7.207,4747,1,2
4720,271.362,88.177,673.070,7.000,4577,1,2
4730,271.357,88.168,673.064,6.861,4407,1,2
4740,271.352,88.157,673.058,6.783,4237,1,2
4750,271.348,88.145,673.053,6.759,4067,1,2
4760,271.344,88.131,673.047,6.780,3897,1,2
4770,271.341,88.115,673.041,6.830,3727,1,2
4780,271.339,88.100,673.035,6.729,3557,1,3
4790,271.337,88.087,673.029,6.531,3387,1,4
4800,271.336,88.074,673.023,6.204,3217,1,4
4810,271.336,88.060,673.017,5.930,3047,1,4
4820,271.336,88.047,673.010,5.661,2877,1,4
4830,271.336,88.034,673.003,4.751,2707,1,4
4840,271.336,88.038,673.001,3.986,2537,1,4
4850,271.335,88.047,672.998,3.247,2367,1,3
4860,271.334,88.055,672.994,2.947,2197,1,3
4870,271.332,88.063,672.989,2.752,2027,1,3
4880,271.330,88.068,672.984,2.623,1857,1,3
4890,271.329,88.073,672.980,2.546,1687,1,3
4900,271.328,88.076,672.976,2.511,1517,1,3
4910,271.326,88.078,672.973,2.512,1347,1,3
4920,271.325,88.079,672.970,2.543,1177,1,3
4930,271.324,88.079,672.968,2.600,1007,1,3
4940,271.323,88.077,672.966,2.679,837,1,3
4950,271.322,88.075,672.964,2.777,667,1,3
4960,271.322,88.072,672.962,2.890,497,1,3
4970,271.321,88.068,672.961,3.016,327,1,4
4980,271.321,88.063,672.959,3.030,157,1,4
4990,271.320,88.057,672.958,3.278,0,1,4
5000,271.318,88.052,672.955,3.624,100,1,4
5010,271.316,88.046,672.952,3.898,200,1,4
5020,271.314,88.041,672.951,4.108,300,1,4
5030,271.312,88.035,672.949,4.260,400,1,4
5040,271.309,88.029,672.948,4.353,500,1,4
5050,271.307,88.026,672.948,4.252,600,1,4
5060,271.304,88.028,672.949,4.205,700,1,4
5070,271.301,88.033,672.947,4.099,800,1,3
5080,271.298,88.039,672.944,4.101,900,1,3
5090,271.296,88.043,672.943,4.073,1000,1,3
5100,271.294,88.045,672.941,3.999,1100,1,3
5110,271.292,88.046,672.939,3.952,1200,1,3
5120,271.291,88.045,672.937,3.930,1300,1,4
5130,271.290,88.043,672.935,3.868,1400,1,4
5140,271.289,88.041,672.933,3.807,1500,1,4
5150,271.288,88.038,672.930,3.749,1600,1,4
5160,271.286,88.035,672.928,3.694,1700,1,4
5170,271.285,88.032,672.925,3.642,1800,1,4
5180,271.284,88.029,672.923,3.594,1900,1,4
5190,271.283,88.026,672.920,3.554,2000,1,4
5200,271.282,88.024,672.917,3.521,2100,1,4
5210,271.280,88.022,672.915,3.495,2200,1,4
5220,271.279,88.020,672.912,3.452,2300,1,4
5230,271.277,88.019,672.909,3.416,2400,1,4
5240,271.276,88.019,672.907,3.389,2500,1,4
5250,271.274,88.020,672.905,3.381,2600,1,4
5260,271.273,88.022,672.902,3.381,2700,1,4
5270,271.271,88.024,672.900,3.380,2800,1,4
5280,271.269,88.027,672.898,3.378,2900,1,4
5290,271.267,88.028,672.896,3.374,3000,1,4
5300,271.265,88.030,672.894,3.368,3100,1,4
5310,271.264,88.031,672.892,3.363,3200,1,4
5320,271.262,88.032,672.891,3.358,3300,1,4
5330,271.260,88.033,672.889,3.354,3400,1,4
5340,271.258,88.034,672.888,3.351,3500,1,4
5350,271.256,88.034,672.886,3.349,3600,1,4
5360,271.255,88.035,672.885,3.349,3700,1,4
5370,271.253,88.036,672.884,3.349,3800,1,4
5380,271.251,88.037,672.883,3.350,3900,1,4
5390,271.249,88.037,672.881,3.353,4000,1,4
5400,271.247,88.038,672.880,3.356,4100,1,4
5410,271.246,88.039,672.880,3.361,4200,1,4
5420,271.244,88.039,672.879,3.366,4300,1,4
5430,271.242,88.040,672.878,3.371,4400,1,4
5440,271.240,88.040,672.877,3.378,4500,1,4
5450,271.239,88.041,672.876,3.384,4600,1,4
5460,271.237,88.041,672.875,3.391,4700,1,4
5470,271.235,88.041,672.874,3.423,4800,1,4
5480,271.233,88.042,672.873,3.454,4900,1,4
5490,271.232,88.042,672.872,3.484,5000,1,4
5500,271.230,88.042,672.871,3.512,5100,1,4
5510,271.228,88.042,672.870,3.539,5200,1,4
5520,271.226,88.042,672.869,3.564,5300,1,4
5530,271.225,88.041,672.868,3.587,5400,1,4
5540,271.223,88.041,672.866,3.609,5500,1,4
5550,271.221,88.041,672.865,3.629,5600,1,4
5560,271.219,88.040,672.863,3.648,5700,1,4
5570,271.217,88.040,672.862,3.666,5800,1,4
5580,271.216,88.039,672.860,3.683,5900,1,4
5590,271.214,88.039,672.858,3.699,6000,1,4
5600,271.212,88.038,672.856,3.715,6100,1,4
5610,271.210,88.038,672.854,3.729,6200,1,4
5620,271.208,88.037,672.852,3.743,6300,1,4
5630,271.206,88.037,672.850,3.756,6400,1,4
5640,271.204,88.036,672.848,3.769,6500,1,4
5650,271.202,88.036,672.845,3.781,6600,1,4
5660,271.200,88.036,672.843,3.794,6700,1,4
5670,271.198,88.035,672.841,3.806,6800,1,4
5680,271.196,88.035,672.838,3.818,6900,1,4
5690,271.194,88.035,672.836,3.802,7000,1,4
5700,271.192,88.034,672.833,3.786,7100,1,4
5710,271.189,88.034,672.831,3.772,7200,1,4
5720,271.187,88.034,672.828,3.760,7300,1,4
5730,271.185,88.034,672.826,3.749,7400,1,4
5740,271.183,88.034,672.824,3.740,7500,1,4
5750,271.181,88.034,672.822,3.733,7600,1,4
5760,271.178,88.034,672.819,3.728,7700,1,4
5770,271.176,88.034,672.817,3.723,7800,1,4
5780,271.174,88.035,672.815,3.721,7900,1,4
5790,271.172,88.035,672.813,3.719,8000,1,4
5800,271.169,88.035,672.811,3.719,8100,1,4
5810,271.167,88.035,672.809,3.720,8200,1,4
5820,271.165,88.036,672.807,3.722,8300,1,4
5830,271.163,88.036,672.806,3.725,8400,1,4
5840,271.161,88.037,672.804,3.730,8500,1,4
5850,271.158,88.037,672.802,3.735,8600,1,4
5860,271.156,88.037,672.800,3.741,8700,1,4
5870,271.154,88.038,672.799,3.748,8800,1,4
5880,271.152,88.038,672.797,3.756,8900,1,4
5890,271.149,88.039,672.796,3.764,9000,1,4
5900,271.147,88.039,672.794,3.276,9100,1,3
5910,271.144,88.040,672.792,3.096,9200,1,3
5920,271.140,88.039,672.789,3.018,9300,1,3
5930,271.136,88.038,672.786,3.032,9400,1,3
5940,271.132,88.035,672.784,3.122,9500,1,3
5950,271.128,88.032,672.781,3.269,9600,1,3
5960,271.124,88.029,672.779,3.264,9700,1,3
5970,271.121,88.031,672.780,3.259,9800,1,3
5980,271.117,88.036,672.780,3.263,9900,1,3
5990,271.114,88.043,672.779,3.312,10000,1,2
6000,271.110,88.050,672.777,3.524,10100,1,2
6010,271.107,88.056,672.774,3.393,10060,1,2
6020,271.103,88.060,672.772,3.411,10020,1,2
6030,271.101,88.064,672.770,3.529,9980,1,2
6040,271.099,88.067,672.767,3.712,9940,1,2
6050,271.097,88.068,672.765,3.933,9900,1,2
6060,271.095,88.069,672.762,4.174,9860,1,2
6070,271.094,88.068,672.760,4.424,9820,1,3
6080,271.093,88.067,672.757,4.553,9780,1,3
6090,271.092,88.065,672.755,4.652,9740,1,3
6100,271.091,88.062,672.753,4.737,9700,1,3
6110,271.091,88.060,672.750,4.808,9660,1,3
6120,271.090,88.057,672.748,4.865,9620,1,3
6130,271.090,88.054,672.746,4.907,9580,1,3
6140,271.090,88.051,672.744,4.934,9540,1,3
6150,271.089,88.048,672.741,4.945,9500,1,3
6160,271.089,88.046,672.739,4.941,9460,1,3
6170,271.089,88.043,672.737,4.923,9420,1,3
6180,271.089,88.040,672.736,4.891,9380,1,3
6190,271.088,88.037,672.734,4.847,9340,1,3
6200,271.088,88.035,672.732,4.791,9300,1,3
6210,271.088,88.033,672.730,4.726,9260,1,3
6220,271.088,88.031,672.729,4.652,9220,1,3
6230,271.088,88.029,672.728,4.254,9180,1,3
6240,271.088,88.028,672.726,3.926,9140,1,3
6250,271.088,88.028,672.725,3.883,9100,1,3
6260,271.089,88.028,672.724,3.834,9060,1,3
6270,271.089,88.028,672.723,3.780,9020,1,3
6280,271.089,88.029,672.723,3.727,8980,1,3
6290,271.089,88.030,672.722,3.678,8940,1,3
6300,271.089,88.031,672.721,3.633,8900,1,3
6310,271.090,88.032,672.721,3.596,8860,1,4
6320,271.090,88.034,672.721,3.344,8820,1,3
6330,271.090,88.034,672.720,3.365,8780,1,3
6340,271.090,88.035,672.719,3.391,8740,1,3
6350,271.090,88.036,672.719,3.393,8700,1,3
6360,271.090,88.037,672.718,3.399,8660,1,4
6370,271.090,88.038,672.718,3.186,8620,1,3
6380,271.090,88.038,672.717,3.241,8580,1,3
6390,271.090,88.038,672.717,3.297,8540,1,3
6400,271.089,88.039,672.716,3.327,8500,1,3
6410,271.089,88.040,672.716,3.356,8460,1,4
6420,271.089,88.040,672.716,3.164,8420,1,3
6430,271.089,88.040,672.715,3.237,8380,1,3
6440,271.088,88.040,672.715,3.308,8340,1,3
6450,271.088,88.040,672.714,3.351,8300,1,3
6460,271.088,88.041,672.714,3.390,8260,1,4
6470,271.087,88.041,672.713,3.205,8220,1,3
6480,271.087,88.041,672.713,3.283,8180,1,3
6490,271.086,88.040,672.712,3.358,8140,1,3
6500,271.086,88.040,672.712,3.402,8100,1,3
6510,271.086,88.040,672.712,3.440,8060,1,3
6520,271.085,88.040,672.711,3.474,8020,1,3
6530,271.085,88.041,672.711,3.506,7980,1,3
6540,271.085,88.042,672.711,3.537,7940,1,3
6550,271.084,88.042,672.711,3.568,7900,1,3
6560,271.084,88.043,672.710,3.600,7860,1,3
6570,271.083,88.044,672.710,3.634,7820,1,3
6580,271.083,88.045,672.710,3.670,7780,1,3
6590,271.083,88.046,672.710,3.708,7740,1,3
6600,271.083,88.047,672.710,3.749,7700,1,3
6610,271.083,88.048,672.710,3.792,7660,1,3
6620,271.082,88.048,672.709,3.837,7620,1,3
6630,271.082,88.049,672.709,3.884,7580,1,3
6640,271.082,88.050,672.709,3.932,7540,1,3
6650,271.082,88.050,672.709,3.982,7500,1,3
6660,271.083,88.051,672.709,4.031,7460,1,3
6670,271.083,88.051,672.709,4.081,7420,1,3
6680,271.083,88.051,672.709,4.130,7380,1,3
6690,271.083,88.051,672.708,4.177,7340,1,3
6700,271.084,88.051,672.708,4.222,7300,1,3
6710,271.084,88.051,672.708,4.265,7260,1,3
6720,271.084,88.051,672.708,4.305,7220,1,3
6730,271.085,88.050,672.708,4.341,7180,1,3
6740,271.085,88.050,672.707,4.373,7140,1,3
6750,271.086,88.049,672.707,4.401,7100,1,3
6760,271.086,88.049,672.707,4.424,7060,1,3
6770,271.087,88.048,672.707,4.443,7020,1,3
6780,271.087,88.047,672.706,4.456,6980,1,3
6790,271.088,88.046,672.706,4.464,6940,1,3
6800,271.088,88.045,672.706,4.468,6900,1,3
6810,271.089,88.044,672.706,4.466,6860,1,3
6820,271.089,88.043,672.705,4.459,6820,1,3
6830,271.090,88.043,672.705,4.448,6780,1,3
6840,271.090,88.042,672.705,4.432,6740,1,3
6850,271.091,88.041,672.704,4.413,6700,1,3
6860,271.091,88.040,672.704,4.390,6660,1,3
6870,271.092,88.040,672.704,4.364,6620,1,3
6880,271.092,88.039,672.704,4.336,6580,1,4
6890,271.092,88.039,672.703,4.085,6540,1,4
6900,271.093,88.037,672.703,3.879,6500,1,3
6910,271.093,88.034,672.702,3.932,6460,1,3
6920,271.093,88.031,672.702,3.948,6420,1,3
6930,271.094,88.029,672.701,3.923,6380,1,3
6940,271.094,88.028,672.701,3.630,6340,1,3
6950,271.094,88.027,672.701,3.387,6300,1,3
6960,271.093,88.026,672.700,3.373,6260,1,4
6970,271.093,88.025,672.700,3.131,6220,1,4
6980,271.093,88.024,672.699,2.922,6180,1,3
6990,271.092,88.022,672.699,2.740,6140,1,3
7000,271.092,88.021,672.699,2.574,6100,1,3
7010,271.092,88.021,672.698,2.527,6200,1,3
7020,271.092,88.022,672.698,2.573,6300,1,3
7030,271.090,88.023,672.696,2.680,6400,1,3
7040,271.089,88.025,672.695,2.926,6500,1,3
7050,271.086,88.028,672.693,3.175,6600,1,3
7060,271.083,88.031,672.691,3.419,6700,1,3
7070,271.080,88.034,672.688,3.658,6800,1,3
7080,271.076,88.037,672.686,3.893,6900,1,3
7090,271.072,88.040,672.682,4.124,7000,1,3
7100,271.068,88.043,672.679,4.352,7100,1,3
7110,271.063,88.046,672.675,4.578,7200,1,3
7120,271.058,88.049,672.671,4.801,7300,1,3
7130,271.053,88.051,672.666,5.023,7400,1,3
7140,271.047,88.053,672.661,5.244,7500,1,3
7150,271.042,88.055,672.656,5.462,7600,1,3
7160,271.036,88.057,672.650,5.679,7700,1,3
7170,271.030,88.058,672.643,5.893,7800,1,3
7180,271.024,88.058,672.637,6.104,7900,1,3
7190,271.018,88.059,672.630,6.312,8000,1,3
7200,271.011,88.058,672.622,6.515,8100,1,3
7210,271.005,88.058,672.615,6.712,8200,1,3
7220,270.998,88.057,672.607,6.903,8300,1,3
7230,270.991,88.055,672.598,7.089,8400,1,3
7240,270.984,88.054,672.589,7.266,8500,1,3
7250,270.976,88.052,672.580,7.437,8600,1,3
7260,270.969,88.049,672.570,7.599,8700,1,3
7270,270.961,88.047,672.560,7.754,8800,1,3
7280,270.953,88.044,672.550,7.902,8900,1,3
7290,270.945,88.042,672.539,8.043,9000,1,3
7300,270.936,88.039,672.528,8.177,9100,1,3
7310,270.928,88.036,672.517,8.305,9200,1,3
7320,270.919,88.033,672.505,8.428,9300,1,3
7330,270.909,88.030,672.493,8.548,9400,1,3
7340,270.900,88.028,672.480,8.665,9500,1,3
7350,270.890,88.025,672.468,8.596,9600,1,3
7360,270.880,88.023,672.455,8.585,9700,1,3
7370,270.870,88.022,672.441,8.469,9800,1,3
7380,270.859,88.021,672.426,8.529,9900,1,3
7390,270.848,88.021,672.412,8.630,10000,1,3
7400,270.836,88.020,672.397,8.759,10100,1,3
7410,270.823,88.020,672.382,8.909,10200,1,3
7420,270.810,88.020,672.368,9.078,10300,1,3
7430,270.797,88.020,672.353,9.201,10400,1,3
7440,270.783,88.021,672.338,9.390,10500,1,3
7450,270.768,88.022,672.322,9.634,10600,1,3
7460,270.754,88.024,672.306,9.882,10700,1,3
7470,270.738,88.026,672.290,10.135,10800,1,3
7480,270.722,88.029,672.273,10.395,10900,1,3
7490,270.706,88.032,672.256,10.661,11000,1,3
7500,270.689,88.034,672.239,10.936,11000,1,3
7510,270.672,88.037,672.221,11.218,11000,1,3
7520,270.654,88.040,672.203,11.508,11000,1,3
7530,270.635,88.043,672.184,11.806,10960,1,3
7540,270.617,88.046,672.165,11.932,10920,1,3
7550,270.598,88.049,672.148,12.090,10880,1,3
7560,270.578,88.051,672.130,12.275,10840,1,3
7570,270.558,88.053,672.112,12.482,10800,1,3
7580,270.537,88.054,672.093,12.707,10760,1,3
7590,270.517,88.056,672.073,12.949,10720,1,3
7600,270.495,88.057,672.053,13.206,10680,1,3
7610,270.473,88.057,672.032,13.476,10640,1,3
7620,270.451,88.057,672.011,13.757,10600,1,3
7630,270.428,88.057,671.990,14.048,10560,1,3
7640,270.404,88.056,671.968,14.348,10520,1,3
7650,270.380,88.055,671.945,14.656,10480,1,3
7660,270.354,88.054,671.922,14.971,10440,1,3
7670,270.328,88.053,671.899,15.292,10400,1,3
7680,270.302,88.051,671.875,15.619,10360,1,3
7690,270.274,88.049,671.850,15.951,10320,1,3
7700,270.245,88.047,671.825,16.288,10280,1,3
7710,270.216,88.044,671.799,16.630,10240,1,3
7720,270.185,88.042,671.773,16.976,10200,1,3
7730,270.153,88.039,671.747,17.327,10160,1,3
7740,270.121,88.037,671.720,17.683,10120,1,3
7750,270.087,88.034,671.692,18.044,10080,1,3
7760,270.052,88.032,671.664,18.321,10040,1,3
7770,270.016,88.029,671.635,18.634,10000,1,3
7780,269.978,88.026,671.606,18.975,9960,1,3
7790,269.939,88.024,671.577,19.337,9920,1,3
7800,269.898,88.022,671.548,19.687,9880,1,3
7810,269.856,88.020,671.518,20.061,9840,1,3
7820,269.814,88.019,671.488,20.454,9800,1,3
7830,269.770,88.019,671.457,20.862,9760,1,3
7840,269.726,88.020,671.426,21.284,9720,1,3
7850,269.680,88.021,671.395,21.718,9680,1,3
7860,269.633,88.022,671.363,22.163,9640,1,3
7870,269.585,88.025,671.331,22.633,9600,1,3
7880,269.535,88.027,671.298,23.112,9560,1,3
7890,269.484,88.030,671.266,23.599,9520,1,3
7900,269.432,88.033,671.232,24.094,9480,1,3
7910,269.378,88.036,671.199,24.596,9440,1,3
7920,269.322,88.039,671.165,25.106,9400,1,3
7930,269.265,88.042,671.130,25.624,9360,1,3
7940,269.207,88.045,671.096,26.148,9320,1,3
7950,269.146,88.047,671.060,26.679,9280,1,3
7960,269.085,88.050,671.025,27.216,9240,1,3
7970,269.021,88.052,670.989,27.759,9200,1,3
7980,268.957,88.054,670.954,28.180,9160,1,3
7990,268.891,88.056,670.921,28.630,9120,1,3
8000,268.824,88.057,670.888,29.097,9080,1,3
8010,268.755,88.058,670.854,29.578,9040,1,3
8020,268.684,88.058,670.820,30.072,9000,1,3
8030,268.612,88.057,670.785,30.575,8960,1,3
8040,268.539,88.057,670.749,31.088,8920,1,3
8050,268.464,88.056,670.713,31.609,8880,1,3
8060,268.387,88.054,670.676,32.136,8840,1,3
8070,268.309,88.053,670.639,32.669,8800,1,3
8080,268.229,88.051,670.601,33.206,8760,1,3
8090,268.147,88.049,670.563,33.747,8720,1,3
8100,268.063,88.046,670.525,34.291,8680,1,3
8110,267.978,88.044,670.487,34.837,8640,1,3
8120,267.891,88.041,670.448,35.385,8600,1,3
8130,267.803,88.039,670.409,35.935,8560,1,3
8140,267.713,88.036,670.369,36.486,8520,1,4
8150,267.621,88.034,670.328,36.967,8480,1,4
8160,267.527,88.031,670.286,37.473,8440,1,4
8170,267.432,88.027,670.244,37.997,8400,1,4
8180,267.336,88.023,670.202,38.531,8360,1,4
8190,267.238,88.019,670.160,39.073,8320,1,4
8200,267.138,88.014,670.118,39.621,8280,1,4
8210,267.036,88.009,670.076,40.142,8240,1,4
8220,266.933,88.007,670.034,40.686,8200,1,4
8230,266.828,88.014,669.997,41.157,8160,1,3
8240,266.722,88.016,669.962,41.662,8120,1,3
8250,266.614,88.017,669.927,42.180,8080,1,3
8260,266.504,88.018,669.891,42.709,8040,1,3
8270,266.392,88.017,669.855,43.247,8000,1,3
8280,266.279,88.016,669.818,43.794,7960,1,3
8290,266.165,88.015,669.782,44.349,7920,1,3
8300,266.048,88.014,669.747,44.900,7880,1,3
8310,265.930,88.016,669.711,45.457,7840,1,4
8320,265.811,88.019,669.676,46.015,7800,1,4
8330,265.689,88.023,669.641,46.582,7760,1,4
8340,265.566,88.027,669.606,47.154,7720,1,4
8350,265.441,88.030,669.569,47.730,7680,1,4
8360,265.314,88.032,669.532,48.309,7640,1,4
8370,265.185,88.033,669.495,48.889,7600,1,4
8380,265.054,88.034,669.458,49.470,7560,1,4
8390,264.922,88.034,669.420,50.052,7520,1,4
8400,264.788,88.033,669.382,50.201,7480,1,4
8410,264.653,88.031,669.345,50.272,7440,1,3
8420,264.518,88.031,669.313,50.362,7400,1,3
8430,264.383,88.031,669.282,50.462,7360,1,3
8440,264.247,88.031,669.251,50.571,7320,1,3
8450,264.112,88.031,669.220,50.687,7280,1,3
8460,263.976,88.032,669.190,50.810,7240,1,3
8470,263.839,88.034,669.159,50.939,7200,1,3
8480,263.703,88.036,669.128,51.076,7160,1,3
8490,263.566,88.040,669.097,51.218,7120,1,4
8500,263.429,88.043,669.067,51.358,7080,1,4
8510,263.290,88.045,669.036,51.503,7040,1,4
8520,263.152,88.047,669.005,51.654,7000,1,4
8530,263.012,88.047,668.974,51.807,6960,1,4
8540,262.872,88.046,668.943,51.962,6920,1,4
8550,262.732,88.044,668.912,52.119,6880,1,4
8560,262.590,88.042,668.882,52.277,6840,1,4
8570,262.448,88.038,668.851,52.434,6800,1,4
8580,262.306,88.036,668.824,52.521,6760,1,3
8590,262.163,88.033,668.800,52.631,6720,1,3
8600,262.020,88.030,668.778,52.749,6680,1,3
8610,261.876,88.027,668.755,52.873,6640,1,3
8620,261.732,88.026,668.732,52.992,6600,1,3
8630,261.588,88.025,668.710,53.118,6560,1,3
8640,261.443,88.024,668.687,53.250,6520,1,3
8650,261.297,88.024,668.665,53.387,6480,1,3
8660,261.151,88.024,668.644,53.527,6440,1,3
8670,261.004,88.024,668.623,53.670,6400,1,3
8680,260.857,88.026,668.603,53.819,6360,1,3
8690,260.709,88.028,668.582,53.969,6320,1,3
8700,260.561,88.030,668.562,54.120,6280,1,3
8710,260.413,88.033,668.543,54.273,6240,1,4
8720,260.264,88.037,668.523,54.419,6200,1,4
8730,260.114,88.039,668.504,54.569,6160,1,4
8740,259.964,88.041,668.489,54.649,6120,1,3
8750,259.815,88.041,668.477,54.755,6080,1,3
8760,259.664,88.041,668.465,54.869,6040,1,3
8770,259.514,88.042,668.453,54.991,6000,1,3
8780,259.363,88.043,668.441,55.119,5960,1,3
8790,259.211,88.043,668.429,55.253,5920,1,3
8800,259.060,88.045,668.417,55.391,5880,1,3
8810,258.907,88.046,668.404,55.534,5840,1,3
8820,258.755,88.047,668.392,55.680,5800,1,3
8830,258.601,88.049,668.379,55.830,5760,1,3
8840,258.448,88.050,668.367,55.981,5720,1,3
8850,258.294,88.052,668.354,56.135,5731,1,3
8860,258.139,88.053,668.342,56.291,5846,1,3
8870,257.984,88.054,668.331,56.448,5676,1,3
8880,257.828,88.056,668.319,56.606,5791,1,3
8890,257.673,88.056,668.310,56.740,5906,1,3
8900,257.517,88.057,668.302,56.883,5736,1,3
8910,257.360,88.057,668.296,57.031,5851,1,3
8920,257.203,88.058,668.289,57.182,5681,1,3
8930,257.046,88.058,668.282,57.336,5796,1,3
8940,256.887,88.057,668.276,57.492,5911,1,3
8950,256.729,88.057,668.269,57.650,5741,1,3
8960,256.570,88.056,668.263,57.808,5856,1,3
8970,256.410,88.055,668.256,57.967,5971,1,3
8980,256.250,88.054,668.252,58.129,5801,1,3
8990,256.090,88.052,668.249,58.291,5916,1,4
9000,255.929,88.051,668.245,58.438,6031,1,4
9010,255.767,88.048,668.242,58.588,5861,1,4
9020,255.604,88.043,668.238,58.740,5976,1,4
9030,255.441,88.038,668.234,58.891,6091,1,4
9040,255.278,88.031,668.230,59.040,5921,1,4
9050,255.113,88.024,668.225,59.169,6036,1,4
9060,254.948,88.016,668.221,59.303,6151,1,4
9070,254.782,88.008,668.218,59.411,5981,1,4
9080,254.616,88.005,668.215,59.533,6096,1,3
9090,254.450,88.007,668.213,59.670,6211,1,3
9100,254.284,88.010,668.212,59.808,6041,1,3
9110,254.116,88.014,668.211,59.946,6156,1,3
9120,253.949,88.016,668.211,60.084,5986,1,3
9130,253.781,88.018,668.211,60.221,6101,1,3
9140,253.613,88.020,668.211,60.358,6216,1,3
9150,253.444,88.021,668.212,60.493,6046,1,3
9160,253.275,88.025,668.213,60.627,6161,1,3
9170,253.105,88.029,668.215,60.760,6276,1,2
9180,252.936,88.034,668.218,60.900,6106,1,2
9190,252.766,88.038,668.220,61.042,6221,1,2
9200,252.595,88.042,668.222,61.186,6336,1,2
9210,252.425,88.045,668.223,61.332,6166,1,2
9220,252.254,88.048,668.224,61.480,6281,1,2
9230,252.084,88.050,668.225,61.629,6396,1,2
9240,251.913,88.052,668.225,61.780,6226,1,2
9250,251.741,88.052,668.226,61.933,6341,1,3
9260,251.570,88.052,668.226,62.075,6171,1,3
9270,251.398,88.052,668.226,62.216,6286,1,3
9280,251.226,88.051,668.226,62.357,6401,1,3
9290,251.053,88.051,668.226,62.498,6231,1,3
9300,250.880,88.050,668.226,62.639,6346,1,3
9310,250.707,88.049,668.226,62.780,6461,1,3
9320,250.533,88.048,668.226,62.920,6291,1,2
9330,250.359,88.047,668.226,63.082,6406,1,2
9340,250.185,88.046,668.227,63.244,6521,1,2
9350,250.011,88.044,668.227,63.407,6351,1,3
9360,249.836,88.043,668.228,63.505,6466,1,3
9370,249.662,88.040,668.228,63.615,6581,1,2
9380,249.487,88.036,668.228,63.752,6411,1,2
9390,249.312,88.041,668.228,63.890,6526,1,2
9400,249.136,88.045,668.227,64.028,6641,1,1
9410,248.959,88.049,668.227,64.183,6471,1,1
9420,248.782,88.051,668.227,64.360,6586,1,2
9430,248.605,88.052,668.227,64.528,6416,1,2
9440,248.426,88.052,668.227,64.696,6531,1,2
9450,248.247,88.051,668.226,64.864,6646,1,2
9460,248.068,88.050,668.226,65.032,6476,1,2
9470,247.887,88.048,668.227,65.200,6591,1,2
9480,247.706,88.045,668.227,65.319,6706,1,2
9490,247.525,88.042,668.227,65.444,6536,1,2
9500,247.343,88.039,668.227,65.572,6651,1,2
9510,247.161,88.036,668.227,65.703,6766,1,2
9520,246.979,88.033,668.226,65.836,6596,1,2
9530,246.796,88.032,668.226,65.969,6711,1,2
9540,246.612,88.033,668.226,66.103,6826,1,2
9550,246.429,88.033,668.226,66.238,6656,1,3
9560,246.245,88.034,668.225,66.361,6771,1,2
9570,246.061,88.033,668.225,66.501,6886,1,2
9580,245.876,88.032,668.225,66.642,6716,1,2
9590,245.691,88.031,668.224,66.781,6831,1,2
9600,245.506,88.031,668.224,66.919,6946,1,2
9610,245.321,88.030,668.224,67.058,6776,1,2
9620,245.135,88.029,668.223,67.197,6891,1,2
9630,244.948,88.029,668.223,67.335,6721,1,2
9640,244.762,88.029,668.223,67.473,6836,1,2
9650,244.574,88.029,668.223,67.612,6951,1,2
9660,244.387,88.028,668.223,67.738,6781,1,3
9670,244.199,88.028,668.223,67.865,6896,1,2
9680,244.011,88.029,668.223,68.008,7011,1,3
9690,243.822,88.029,668.223,68.138,6841,1,2
9700,243.633,88.029,668.223,68.281,6956,1,2
9710,243.443,88.028,668.223,68.424,7071,1,2
9720,243.254,88.028,668.223,68.566,6901,1,2
9730,243.063,88.028,668.223,68.708,7016,1,2
9740,242.873,88.029,668.224,68.849,7131,1,2
9750,242.682,88.029,668.224,68.991,6961,1,2
9760,242.491,88.030,668.224,69.132,7076,1,2
9770,242.299,88.031,668.225,69.274,7191,1,2
9780,242.107,88.032,668.225,69.416,7021,1,2
9790,241.914,88.033,668.226,69.559,7136,1,2
9800,241.721,88.034,668.226,69.701,6966,1,2
9810,241.528,88.035,668.227,69.824,7081,1,3
9820,241.335,88.035,668.227,69.958,7196,1,2
9830,241.141,88.035,668.227,70.105,7026,1,2
9840,240.947,88.036,668.227,70.252,7141,1,2
9850,240.752,88.038,668.227,70.398,7256,1,2
9860,240.557,88.040,668.228,70.545,7086,1,2
9870,240.362,88.042,668.228,70.692,7201,1,2
9880,240.166,88.044,668.228,70.839,7316,1,2
9890,239.969,88.046,668.229,70.987,7146,1,2
9900,239.773,88.047,668.229,71.135,7261,1,2
9910,239.576,88.048,668.229,71.283,7376,1,2
9920,239.378,88.049,668.229,71.432,7206,1,2
9930,239.180,88.050,668.229,71.580,7321,1,2
9940,238.982,88.050,668.229,71.729,7436,1,2
9950,238.783,88.051,668.229,71.877,7266,1,2
9960,238.583,88.051,668.229,72.026,7381,1,2
9970,238.384,88.051,668.229,72.174,7211,1,2
9980,238.184,88.050,668.229,72.322,7326,1,2
9990,237.983,88.050,668.229,72.470,7441,1,2
10000,237.782,88.049,668.229,72.617,7271,1,2
